"NEW Lenovo 14"" HD Intel 2.4GHz 128GB SSD 4GB RAM Windows 10 Webcam + Microphone",$369.99,US,371,https://www.ebay.com/itm/NEW-Lenovo-14-HD-Intel-2-4GHz-128GB-SSD-4GB-RAM-Windows-10-Webcam-Microphone/193421679461?epid=24039563830&_trkparms=ispr%3D1&hash=item2d08d49b65:g:UQEAAOSwbCRftodI&amdata=enc%3AAQAFAAACYBaobrjLl8XobRIiIML1V4Imu%252Fn%252BzU5L90Z278x5ickkfKe2vUidqHRg3XM2X2xOVH8tI5gf35TgleyFGnTUxTWIKRSFJyd1tYXnYw4aTWZkyx5M%252BFxAAdmWf5bPMUDPZCLxKywMnBVl%252Bb6nNhgJXlStV6JmXJYTylucAyh956iEKJxb0QyIMMsJbMOyIFUu%252B%252BW8xVGewsRES2TNN2YJ0r0x%252FR1WFh6xu%252FlwwBq4Lt8U1KIpeStO8Kxi%252FkuEqxsYtYEFJGz3X4HhvC%252BX3OfoWKo8JAXKGFgaw6gR16Y2sN1XmHdwCgFNN8038p7vkEUYMZlC9%252BbRDsNB93ujRMY1ni1mvQFeXLzHynWQYRgd4bzQLEdSBDXYU4stMjBGbXpZ%252FTHe4pyqcjk4HuftV6WEeqRFlGHpQ%252FPhPxH1J6LH5x9Gb%252F4%252FHUQ2PBvuZdAwIAQNNyGLA6Ur4JTt1Z2tjDKoJmNdd%252FiY3Uy5IRYUKh%252BmMAblCqSkb8S%252BqdrVLrw5CiBHpRXHHNnp%252BUh%252B1iOaK0Ab3F7c3SyxR73KnsUJ6XEervRCOQtHxoSILy4ubxjpdrqeso8080CTxV8VYH0R9IGO7vpq3bxmHcJ5OItB37C8vxm71p7LvuKnCZmQrdQZczY3En5JvoAOYetM1FE9C9qs0hEnjCgxO6uQJn9Xzo7GP%252BAXXXBYRNFzokcSiUvU1Q77XGIKjXfyQ6y7e7GEVofQGwdjZHalzoIRY9xqzza17IJYCy%252FavmTub21pqVByebqDvDR8y8xkb8WkK89V6%252FNkFdIZyDTOh5Y%252BLFllYv8Gr4NH%7Ccksum%3A19342167946132b0973580cb45d0a4206044e21c5822%7Campid%3APL_CLK%7Cclp%3A2334524
"NEW HP 15.6"" HD Intel 10th Gen i3-1005G1 8GB RAM 256GB SSD Win 10 Laptop",$449.99,US,622,https://www.ebay.com/itm/NEW-HP-15-6-HD-Intel-10th-Gen-i3-1005G1-8GB-RAM-256GB-SSD-Win-10-Laptop/283903736508?epid=3038881451&_trkparms=ispr%3D1&hash=item4219fb3abc:g:waYAAOSwF5Ne2rJQ&amdata=enc%3AAQAFAAACYBaobrjLl8XobRIiIML1V4Imu%252Fn%252BzU5L90Z278x5ickk7PdDazAlGltMLJlUhrWsD8CNWikBgjD8tUIqxYY9mTJQn5ht5hnQrotLfKSZ5eLhzMbFOxHMA92%252Fev8V8bKSdZ9apkZKwQ2Uk%252FLGVdH%252BHZVnUzwRsztZEw7Q35ym%252BENaeyijxUnRy2buOU%252FNJzMuu623zxUZHYYSIXGMoMZkgKGkusUcMKPqIJimGe6YezcTzQe9W5BhbAe2q26K2i58muejv6cYoGlj%252Bw49w5iIuPSIQ62gBZtuqntjhOuwNhE5vFh4dpOxbSdMAPekguK2gjpIUtxKmUVu2dUj%252FkI7d40uTsp4BN2T2E0Q7sIVzaL1W3TDElyWViUTUnyluJbALyEvfe9AGFUX9%252FeeXTL5%252BSyqk%252BYTajGI%252FixZJ%252FUaQwCPANo7O4a2sPmIEzjXF7iKEZUN9Qd2Zt8Evl5XRapYR8lFJjqDAp9G3j4N%252FMnR9xgPmiUzLLdf4T15Dmy2ouprqlKndkinBoxPPSAfnOI5NxUUhdaUxXsQXe7orJvf82OasER%252Bk%252BIgym%252FXSt1Iwh9Zul%252FcAlMPwF3gwtkvF8MbvUDsHCCribUAm%252BfqpqBbJ7Iwuz2QPRQqcQS5h5%252FweDjL9zqHXJ0OUIhUBk5GIEQr234iYX%252FXGDgOIWqauXEn5CSIfmX9%252FVowwfZnvyF5Xas568lvbp%252FINrUNyhQwrYfpkKGz91UGRTw68kkhU%252FcB1Q65Mnj2v5yUGYk768mj9WbW4KTRQqcg50xKWx4wnsxm%252BQBFSrctBuKkEfxNumZ2jspK%7Ccksum%3A28390373650832b0973580cb45d0a4206044e21c5822%7Campid%3APL_CLK%7Cclp%3A2334524
"Newest Laptop Teclast F7S 14.1"" 1920x1080 IPS Notebook 8GB RAM 128GB ROM Laptops",$299.99,US,2,https://www.ebay.com/itm/Newest-Laptop-Teclast-F7S-14-1-1920x1080-IPS-Notebook-8GB-RAM-128GB-ROM-Laptops/284057152988?_trkparms=ispr%3D1&hash=item4223202ddc:g:gQoAAOSwGqFfldgA&amdata=enc%3AAQAFAAACYBaobrjLl8XobRIiIML1V4Imu%252Fn%252BzU5L90Z278x5ickk7PdDazAlGltMLJlUhrWsD5FRs39%252Fk3XKsu%252BB6aPEyBZiK09lZ3xcD%252FC3p8CViNDgTRYNaPoSJhgyVPN2YvQfAbmiAsUKce9EyvIhhxf0JRd4P2NtxyaKJG%252FLLVtwcZJUYBDsJLadF7LjKOnHVFnPDAn8gNtajzKxEkcu17RvHLELwoNehKOUIKX787YEyNBulkQdy%252FMacygRXv4IwXyFRp7HszOsFo2gbbwUuArNdgTaFycIaIEzLdNaO5YJIxcCSxjos%252FCYJyIyP9vwRNJRij4WlBI35FzB9nVEh%252BlKuz33dSFTRjbYvPDe0Wc3RhykPMhjMti5qWUrYOzzIvtnwKFQWbkkmZ9qB5EWRMX61jPUhWIdffONLZADzEVPk6xQj9LoDVfXBacQu6lmspxHOW%252FOp3I40xfJzPmJn0vOtLMb4W2RUMWE5KyLUCUb37o2V9bM0yNBePrL7y1D4PQXypZNgXfKKE6dzmpTMWlHUPKRZ8RfuzgaIdyzOFgZ8xtiequvHmkqnMFP8ha1S%252BozDwKM3hs6HRmeDUPz9NepeB%252FxU8MGy31LSlW68sprUKgLRgWerp0htZUW8cvWExpRt0A0cyE%252BIzvahmieg2njLITj724VRvG7FQdD2bST4LsJ1AFMTC%252ByD8VbSIalmbSPrvWKisxE3ea8RomLhPOPhTpcKr07tihAsTchXi0nMxd7nMo0ohT8Akh9xnGs9odeRAWQ2QXyxMFC1iQTU2vJzir2s1BGmCmqYkPE%252Fiodd4xP%7Ccksum%3A28405715298832b0973580cb45d0a4206044e21c5822%7Campid%3APL_CLK%7Cclp%3A2334524
Bulk wholesale 13.3 inch intel core i7 win10 laptop 16GB+512GB SSD support touch,$438.99,US,1,https://www.ebay.com/itm/Bulk-wholesale-13-3-inch-intel-core-i7-win10-laptop-16GB-512GB-SSD-support-touch/174461526244?_trkparms=ispr%3D1&hash=item289eb7a0e4:g:hRgAAOSw741fd1lH&amdata=enc%3AAQAFAAACYBaobrjLl8XobRIiIML1V4Imu%252Fn%252BzU5L90Z278x5ickkSG%252BOFgrj2Yvbvmrj2TAdMxBWueM4iAQ1Be9CEKUSLFlSFxKl0dVqw7970XQDWIz%252B40VHE%252BUNBGUfZjO0eLm713OoMOlnynOSuHqFc1wuCWEiQvdfnoOkBO3NXj8P5fZf448iuLRCZnLke%252Fm4V6PN9IBpCPaXhPBDQyJHZ9obpoSRBMqAJ2bENDmXrOcQziza%252F9Q554n48MUFB0nXoHu089N3u0U04pvjqfouZOtqQPnTUHgeiPDJUI2ns2pIG7NfZut3oT8D2QYFMNC4hbpYfr55aCXS9VxlF77q9A3wvwayr58cBirXQsqDOmu1GGicniLRzEerM2BQzWvKxWUEoCqlimbWVa8DeFnjyXhgGalkapJmcTDecICREjKiO%252BkvCNKhJd3b86u9NCoqNP%252BU96xt5h15YgwFJLGF07dZQbf1S35h3yLE%252Fp%252FnCYGtkKiN3L%252FRC0ggiK0dSfvc8n1TU%252BuHbz8HoyVX4odcvTujlo%252FXPxdVLjSkN85mYlS1Y%252FB%252B%252BExZBAGXRh0Eqd%252FOZJYXL8xk75JnqPeLfZ2hY2ruUHC3MLkNrQQSyIPGHY2eqW0E4kqvFWIK%252BlzaLqDyQ9jhR1PJzAgNMSBi2zPBEGYhAHzcBwR7IuGpqQyA%252FViXwya788RvfqZ6KGR9sVCx%252Fawm2aC6Ycv4MUmq6jPtqzvXPc1bBbmOzxh086lOkLaXpc4ppQ2Nx0GqlKA%252B6ZmDGGWfG0U%252Fkus6pfE6rx2H7igNmw1NVoQx%252FsyPBtdFjSCsVDIA%7Ccksum%3A17446152624432b0973580cb45d0a4206044e21c5822%7Campid%3APL_CLK%7Cclp%3A2334524
"NEW HP 15.6"" HD Red Laptop Intel Quad Core 2.4GHz 4GB RAM Webcam Windows 10",$389.99,US,303,https://www.ebay.com/itm/NEW-HP-15-6-HD-Red-Laptop-Intel-Quad-Core-2-4GHz-4GB-RAM-Webcam-Windows-10/193498216324?epid=7038891743&hash=item2d0d647784:g:OXoAAOSw1EZe2k1C
"Computer i7 note book machine, 2018 new 15.6 inch laptop core i7 8G ram metal la",$518.99,US,1,https://www.ebay.com/itm/Computer-i7-note-book-machine-2018-new-15-6-inch-laptop-core-i7-8G-ram-metal-la/174461772225?_trkparms=ispr%3D1&hash=item289ebb61c1:g:Ve4AAOSwKnlfd4iL&amdata=enc%3AAQAFAAACYBaobrjLl8XobRIiIML1V4Imu%252Fn%252BzU5L90Z278x5ickkSG%252BOFgrj2Yvbvmrj2TAdM%252BGUm%252BWbSOgCvdbwAlMnWVhEeyj8lMGjQLeOR7ZsD1yvJWpcPCf4txPun5F6dzY7rdng3fOxhKqqeZ8nfqwTr7wY1J%252B2Mnr4%252ByKiu48%252F%252BBq26HPGVuPM56lO0XUTCnhFTZ2a2eXtlpGx9xNJICd8vQkxvaaZZJ3B5e8eFk6x1bWiw2%252FlSHIwkgq3GjbevmNDMOOUkh75DU0aq2dM292gAVW8t%252B8B%252BP2C5hX%252BoATYga%252FSi3vdd7Fy%252FR%252BDF2Bq2JOFzAPL663Cw%252BHEA%252FNjudg12OmXl%252FWcCAkNe%252BI0ZFpukj1Fg0xkhJJ6J%252BizyUmkwxOi5Mtsj6S7ZNwHbyYFgeXBzG774cgzP81OPuu1DDhg86ywC7OuD%252FbVaX80y1WxfizrJNF5NtWmO79QF6VPOPQblncYrldZqVOQhk2WY%252F3Ka71CBqG5d71XCVovKI11zFL8%252Bom%252FIytRpc%252BDWnBEFRvZpnKZMDr6z1BThsPdv3hfGPw7UDA3QPuc7qsZENSBLrN7oF0yY1sweRoOgAm6NeXJL4MH%252B3qFQhygI1ow5BWz9unzsKHt5eBAIRSsdp3CwXP3Z%252FZXx7m7BOTpm0OjSfftbiVMS%252F5dkNzOOtQyt4sP10d1n%252B7hQ3mmVoBdZY20xZEOPtFJSHHvHZaHWskkj%252BjffRUv7qyxVRqEjio0jAjO2dgQT3tD2bDcKmrWY5rDdSjAD0vP5GAnt%252FjJdnpBzbC%252FmDbaMYu0lytmpXemtLqT%252ByLP%7Ccksum%3A17446177222532b0973580cb45d0a4206044e21c5822%7Campid%3APL_CLK%7Cclp%3A2334524
Dell Latitude E5530 Core i3-2350M 8GB DDR3 640GB HDD Win10 Laptop,$89.99,US,,https://www.ebay.com/itm/Dell-Latitude-E5530-Core-i3-2350M-8GB-DDR3-640GB-HDD-Win10-Laptop/293871044313?hash=item446c1446d9:g:ueIAAOSwc2pfsuMN
"NEW Acer Chromebook 15.6"" HD Intel N4000 4GB RAM 32GB eMMC + Protective Sleeve",$279.99,US,"1,132",https://www.ebay.com/itm/NEW-Acer-Chromebook-15-6-HD-Intel-N4000-4GB-RAM-32GB-eMMC-Protective-Sleeve/283874804016?epid=4038113235&hash=item421841c130:g:rnwAAOSw-rFeuU51
"NEW HP Stream 14"" HD Intel N4000 4GB RAM 64GB eMMC Webcam BT Win 10 Variations",$339.99,US,527,https://www.ebay.com/itm/NEW-HP-Stream-14-HD-Intel-N4000-4GB-RAM-64GB-eMMC-Webcam-BT-Win-10-Variations/293606775830?hash=item445c53dc16:g:f7kAAOSwmQNe3ko6
"NEW HP Gaming Laptop 15.6"" FHD Intel i5-9300 4.1GHz 256GB SSD 8GB GTX1650 Win10",$699.99,US,68,https://www.ebay.com/itm/NEW-HP-Gaming-Laptop-15-6-FHD-Intel-i5-9300-4-1GHz-256GB-SSD-8GB-GTX1650-Win10/193610631825?hash=item2d1417ca91:g:UHcAAOSw3lxfKF7A
Dell Latitude Gaming Laptop üéÆ HD LED Intel Core i5 16GB RAM 256GB SSD HDMI,$438.99,US,"1,121",https://www.ebay.com/itm/Dell-Latitude-Gaming-Laptop-HD-LED-Intel-Core-i5-16GB-RAM-256GB-SSD-HDMI/333544160545?hash=item4da8c7fd21:g:rugAAOSw-B9eaaVu
HP ENVY X360 2-in-1 Laptop/15M-BQ121DX/AMD RYZEN 5 2500U/256GB SSD/8GB RAM/Touch,$50.00,US,,https://www.ebay.com/itm/HP-ENVY-X360-2-in-1-Laptop-15M-BQ121DX-AMD-RYZEN-5-2500U-256GB-SSD-8GB-RAM-Touch/143870260089?hash=item217f55f379:g:5jkAAOSwbLxfyDRM
"HP - Pavilion x360 2-in-1 14"" Touch-Screen Laptop - Intel Core i5 - 8GB Memor...",$745.00,US,,https://www.ebay.com/itm/HP-Pavilion-x360-2-in-1-14-Touch-Screen-Laptop-Intel-Core-i5-8GB-Memor/224261633873?epid=6039045439&hash=item343708f751:g:g60AAOSwJHlfx9hG
"HP Elitebook 2570p, 12.5, Intel Core i5, 4GB Ram, 500 GB HDD",$220.00,C,,https://www.ebay.com/itm/HP-Elitebook-2570p-12-5-Intel-Core-i5-4GB-Ram-500-GB-HDD/114554060827?hash=item1aabf4401b:g:4owAAOSwnNVfx8Rg
"2020 NUOVO PC PRO Notebook Laptop 14,1"" Intel 8GB RAM 256GB SSD - Windows 10",349.99,EUR,2,https://www.ebay.com/itm/2020-NUOVO-PC-PRO-Notebook-Laptop-14-1-Intel-8GB-RAM-256GB-SSD-Windows-10/154220929012?_trkparms=ispr%3D1&hash=item23e8489ff4:g:mSEAAOSwi9VfxWoV&amdata=enc%3AAQAFAAACcBaobrjLl8XobRIiIML1V4Imu%252Fn%252BzU5L90Z278x5ickkxGz2ccqatkEnoeekHqhLkQcM0jDNkAF6ql4oWoe8vmwtuZf8J%252FFhaWfOVbPxS%252FlnW0BkNra0ZCKI%252B4qTcz6SiXuaI3PI%252BkimYqyjN4%252Bzp8hUNHZxf%252FSIr2uHNFe42ipdAdygswxBCOLYNkvJuP1IszPf3Av605naeM61lhy8xFZAKP1XeN%252FEjHNdiotTBlAxtXuN9kAJ%252BXng8gHI%252BPq%252BEsjHBfhs75AZ4beVkTe4nDeAEz3RNnt4F1sCu0SPX3KpVZ7gm3hOnRWenEVSvbeT1Jaovcm8D4iMRjuoPIv89zjuaMJ3%252BIxaqPbacx73RXqqhVwWUj8mOzOMTA8RMPXcOI4EVEdPaEDwy8oaTFCHFzHcaMaqA750VzNNKNKaRmbifaMvZj7YmTQ6s%252FVMNiQ3y7OhruZvPIxHC3OATiGPTNbq2UUtP2WU7c17vMXWovPIj%252BTyE5%252FYOQCyKAUu%252B5aFb83KtrCnAj6I%252FMlhWIMSloW6O0NUUNcdcsHkAGZoMoqPrsZyl5UTleMtcUiJjOBYtQyP6St%252BcbakEVFWfeL1%252FNFckGyMxp1CmrRgIgSYD8xjlabGO%252FQxLs%252BwvPf9NmeOra8HwNmZmLZV%252B8QXrksEcel6XKWDeTJAE2KMfrpvk85hffqh1g6KCFJn8zzWBj1RZx3o5HBDhC4%252BrTQAxbMEIdIG%252FgvxHI6rGm8yWPe0WQIbiLH29rf1%252BBaDvPAdxa6s%252BEiIYq0bAgksHSy0W8UgwFIgyxmrwubd1GG%252F0z3Z0hR30%252FO5vZI%252BPV6fgAbf5jCNzQ%253D%253D%7Ccksum%3A15422092901232b0973580cb45d0a4206044e21c5822%7Campid%3APL_CLK%7Cclp%3A2334524
NEW HP 15.6 HD TOUCHSCREEN Intel i3-1005G1 3.4GHz 256GB SSD 8GB RAM Win10 Silver,$519.99,US,141,https://www.ebay.com/itm/NEW-HP-15-6-HD-TOUCHSCREEN-Intel-i3-1005G1-3-4GHz-256GB-SSD-8GB-RAM-Win10-Silver/193424908093?_trkparms=ispr%3D1&hash=item2d0905df3d:g:-lMAAOSwtK1e0Vf2&amdata=enc%3AAQAFAAACYBaobrjLl8XobRIiIML1V4Imu%252Fn%252BzU5L90Z278x5ickkfKe2vUidqHRg3XM2X2xOVGUAG6ZiXui33gvThQRPi130TF5zcXxenkRysNLzPAgVdiZ%252BDhPaQgPJF2ho6DnuX81Z%252Fc7AIgzti3bAf4F%252B4Nniqyx7pPzYXSUa%252BsCvpzuxuqIoejj%252BUbWb6LWt9l9cTm6WQp%252BbEwWXah4WdppaN43ispb%252BuZx9I2Q3kBisAj1rHQ%252FZCCCtYMfD1QSFXxmFLMD7ntr4nPsaVr923mrNrDJBnac8sjaAzU6Pek3ofvlqeoVMtF2unwx1E8pMLiy7oUxf5z2R1F%252FPEUFS8qQleAQpG51IVtL9AYz3kxxewMhUiV6GexZn4m33VtlzF3zb%252F4%252BQdlZkE%252FuCszpaMiyqD0J4eAsl2fswkVh9iViiwJJv0BWo49JeLMyXuzwggzZfefq6xxMB7uRN9%252FBM8zOHvDjeZMpBRSEh5R5soco7CnWMICi%252Ba8R%252FWyjWLoaVmyt%252BpaCtyM6f%252FWEwo%252B4Q5ik8B%252B0wLyp9odp1mTbhX0qElsojEuQQzQKhKfVzhAyS3eAUrBBrcrxCl9fSt2Om6GD0ybtViQG93rQOpixEuZqxm6EJ4ZIwv42rLl40YalsIAB9ickTAECQ%252FDT3OP3ZhGEo1Ryi9H%252FHsLLMi%252B4tL9ppBOZrcmV0SO02H1So8%252BdRaMQVl51WseiULG5aBdG474PrVFZ8FqSw1l8PgLlK4JieiDECNnjf7VBpSaWlhcnBnYRu7dQ4wHCifGmCuRqEvnuuZqa%252Br96iQv06F9IlF47stJXF%7Ccksum%3A19342490809332b0973580cb45d0a4206044e21c5822%7Campid%3APL_CLK%7Cclp%3A2334524
"NEW Dell Inspiron 15.6"" HD Touch i7-1065G7 12GB RAM 512GB SSD Webcam HDMI Win 10",$769.99,US,15,https://www.ebay.com/itm/NEW-Dell-Inspiron-15-6-HD-Touch-i7-1065G7-12GB-RAM-512GB-SSD-Webcam-HDMI-Win-10/353260450764?epid=20041744206&_trkparms=ispr%3D1&hash=item523ff6b3cc:g:tYYAAOSwhnZfoDjj&amdata=enc%3AAQAFAAACYBaobrjLl8XobRIiIML1V4Imu%252Fn%252BzU5L90Z278x5ickkWpEuxXwAiCNKyBQsQ5%252Fe66CLTdEfyBqB7lqDsw%252FijJoh5PN3IyzcPk85FWQ%252F6UNCh5twt%252FjbzD5y926vCD6faAq95f7qBnQNV1sQ%252Bb1XXh47%252Bj4SFxxOM84aSI9FCVXmr1laGDMpkF95o8h3nMoMcUz5Ztx78ldPJPByfmc8FuqjC5Exw2Ziwc6cXpkTcpDWxdcaKu6X%252B%252FBBLnmkmgLsV0O95ltpXb1yAdiqeZM1X508jCNJkW8r5rHJLaV%252B8IKSoWjUqBlr4dSh6TPIYUHTv3v%252Bl92GWNobgUNhsAtv3YMhvF0u2dWqxEt1yp8uJwVMvsqv5OTeWZMMzcwRi%252B5HUCOXY5EjIcIecT%252BRrPR6lB77s2mwukFhOjMxPsoaUDYyarRowndq7JlXWR9GRE0g9zuFkwDGnn6lWNoAGB9XcfpTl7GBf9E3MMuiev8lLU7iXrKknK%252BQlSy6z%252FMbY7hWVrNYWLHmfXBdD%252Fiu6bFYdUrISbJQ7E66ZYJvIP5CpnZQeDPU8jhjHD8rZ%252FLdPD3sOorJpvCiikM5FUrrrseTLwtCgfQFT8jRdbH2VQOoFFWVvvoFp3FEb5BbEZXmctBkqQwJ6MsZyqMQdT3vGoY671LU9rsrDKxeX415qKYbZIEKmN%252BgEODofdjGRHIM3Wpwrh7S%252F0dD%252FaXs7vhT6PPFzTSwbS74ZmPgjFZSixRaUvpuCOPwWZ8P%252B56FUmLNV2p2AgUfBpi%252BwpdWUMtFaiMnS38ximmHxHGEWqyYVxBam5wQ%7Ccksum%3A35326045076432b0973580cb45d0a4206044e21c5822%7Campid%3APL_CLK%7Cclp%3A2334524
Lenovo ThinkPad T460 Intel i7-6600U 2.60Ghz 8GB RAM 250GB SSD Win 10,$399.88,US,10,https://www.ebay.com/itm/Lenovo-ThinkPad-T460-Intel-i7-6600U-2-60Ghz-8GB-RAM-250GB-SSD-Win-10/274554442379?_trkparms=ispr%3D1&hash=item3fecb8528b:g:gmsAAOSwcddfm-1~&amdata=enc%3AAQAFAAACYBaobrjLl8XobRIiIML1V4Imu%252Fn%252BzU5L90Z278x5ickkY3FSd4Ad8xn3oRtkVexxrPOTidML60jbiplOImsSiFtxHsmhDOE0dPLMbIZepVmELNUYIk655rkKFcaAfPYBOxG5nY0m0KVhCoPM2Cudb0iOHP5OqTFXdgPnU%252Bm%252Bitxgn1P1avxN5T4IOei5z81Y67iAoA47%252FMNcQNXrnsVwmyulIUqpN1H6zV4vp0LQ5A4%252F6zoqIGskteJazu6cJu8TFYgwgxrIfZOdYyEtrJn5rKUjV87cZ4KsvYbwRpcRozSseyYbCPoDilI914iDfke1wOeaDNCZauN867iu%252FnHzdxNsRAbOWO1tkvHK5C2AppXVKVeQZu9fJpTtfCiCymk5kcZTuxyWsRwr%252BLsMGB6Ig7Qy3dG3QbpLzGdLnN5Luk7kyCXGkE5UWQ4EPhrSxxpvK%252BsBXYyOXwMOBUbM7HwF5nhz3H1BIx71SNij9fFqB0i7hc0%252FsT%252BA03V1yK25OXu5jm65RkfKEpqnPbXi03bfivjt02P%252BBZqfoAYzYgQiFP3%252Fwik95itO9Kl5wZTnpIzX9kSyOZwEOUDzouPHe3TDM3WFIj%252Ftq0r5q9NcTjVnHdc8Uh%252FxW%252BRMNDzUxXlGrbBmH6FTltBYkkLJLxo51JNSg141OTZvvm3gqivdXqLhTbb1V9F1hUQKgvMQLvfIfEeglAYP9v7s0klZz%252ByjoQsymeBuav7Gqv4nka9oRzkVs34cfIQx2LRMifak4p50wm3%252BovYRW3vulOwVjh2hiDMStRtQDuN0NJZJeMC3mGHxGHkE%7Ccksum%3A27455444237932b0973580cb45d0a4206044e21c5822%7Campid%3APL_CLK%7Cclp%3A2334524
"Lenovo G710 17.3"" HD+ i5 4210M, Neu SSD 500GB, 8GB Ram, Geforce GT 820M 1GB,...",290.00,EUR,,https://www.ebay.com/itm/Lenovo-G710-17-3-HD-i5-4210M-Neu-SSD-500GB-8GB-Ram-Geforce-GT-820M-1GB/284101893213?hash=item4225cadc5d:g:HNgAAOSwSG5fyDVU
Lenovo Thinkpad T430 Laptop Core i5-3320M SSD HDD Windows 7 10 ‚öôÔ∏èUPGRADEABLE!üîù,219.99,EUR,15,https://www.ebay.com/itm/Lenovo-Thinkpad-T430-Laptop-Core-i5-3320M-SSD-HDD-Windows-7-10-UPGRADEABLE/254734465196?hash=item3b4f5b78ac:g:7~8AAOSw~ZlfdL8Q
Lenovo ThinkPad T450 i5-5300U 2.9 Ghz Turbo 4 Gb SSD W10,132.00,EUR,,https://www.ebay.com/itm/Lenovo-ThinkPad-T450-i5-5300U-2-9-Ghz-Turbo-4-Gb-SSD-W10/184563425745?hash=item2af8d661d1:g:UroAAOSwH71fyBAO
"HP 14"" Laptop Intel Core i3-1005G1 4GB RAM 128GB SSD HD, Silver, 14-DQ1037WM NEW",$395.00,US,,https://www.ebay.com/itm/HP-14-Laptop-Intel-Core-i3-1005G1-4GB-RAM-128GB-SSD-HD-Silver-14-DQ1037WM-NEW/224261940198?epid=15035192096&hash=item34370da3e6:g:s-sAAOSweNBfyBML
"HP EliteBook 2760p 12.1"" i3-2350M 2.30GHz 4GB Ram 320GB HDD Win 10 Pro & Charger",$129.99,US,25,https://www.ebay.com/itm/HP-EliteBook-2760p-12-1-i3-2350M-2-30GHz-4GB-Ram-320GB-HDD-Win-10-Pro-Charger/284081352514?hash=item4224916f42:g:EEoAAOSwTwZfsMz9
"HP Spectre x360 15-eb0043dx 15.6 inch (512GB, Intel Core i7 10th Gen., 1.80GHz,‚Ä¶",$966.00,US,,https://www.ebay.com/itm/HP-Spectre-x360-15-eb0043dx-15-6-inch-512GB-Intel-Core-i7-10th-Gen-1-80GHz/193776958143?epid=14039039446&hash=item2d1e01babf:g:O40AAOSw~HpfyAnq
"Dell E5420 14"" Laptop 2.4GHz Core i5 2nd Gen 4GB RAM (Grade B)",$90.00,US,,https://www.ebay.com/itm/Dell-E5420-14-Laptop-2-4GHz-Core-i5-2nd-Gen-4GB-RAM-Grade-B/383838945609?hash=item595e958149:g:ydQAAOSwCxtfx6vO
HP OMEN 15.6 Gaming Laptop Ryzen 7 8GB RAM NVIDIA GeForce GTX 16 512gb SSD FHD,"$1,099.00",US,,https://www.ebay.com/itm/HP-OMEN-15-6-Gaming-Laptop-Ryzen-7-8GB-RAM-NVIDIA-GeForce-GTX-16-512gb-SSD-FHD/224261643753?hash=item3437091de9:g:ZBQAAOSw0LlfaKcL
"PANASONIC TOUGHBOOK CF-29 CF29 MARK 4 13.3"" DVD 80GB 1.5GB NO OS",149.95,GBP,,https://www.ebay.com/itm/PANASONIC-TOUGHBOOK-CF-29-CF29-MARK-4-13-3-DVD-80GB-1-5GB-NO-OS/203201809992?hash=item2f4fc58e48:g:lUUAAOSw-Rlfw4XY
"NEW HP 15.6"" HD Laptop Intel Quad Core 500GB HDD 4GB RAM 2.4GHz Webcam Win10 Red",$389.99,US,39,https://www.ebay.com/itm/NEW-HP-15-6-HD-Laptop-Intel-Quad-Core-500GB-HDD-4GB-RAM-2-4GHz-Webcam-Win10-Red/193308663292?epid=27038881814&hash=item2d02181dfc:g:bI4AAOSwKx9ezq1G
Lenovo Ideapad 110-15IBR,$150.00,C,,https://www.ebay.com/itm/Lenovo-Ideapad-110-15IBR/174543272895?hash=item28a396fbbf:g:sWQAAOSwmx9fyCnL
NOTEBOOK PC HP PROBOOK¬† 4530s intel i5 SSD 256GB RAM 4GB WIN 10,339.00,EUR,,https://www.ebay.com/itm/NOTEBOOK-PC-HP-PROBOOK-4530s-intel-i5-SSD-256GB-RAM-4GB-WIN-10/324402183589?hash=item4b87e07da5:g:458AAOSwcddfyAaX
"HP ""12"" Inch 2 In 1 Chromebook",360.00,GBP,,https://www.ebay.com/itm/HP-12-Inch-2-In-1-Chromebook/353303007018?hash=item5242800f2a:g:h0oAAOSwuIFfyAZJ
"Dell E6530 15.6"" Laptop 2.6GHz Core i5 3rd Gen 4GB RAM (Grade B)",$144.00,US,,https://www.ebay.com/itm/Dell-E6530-15-6-Laptop-2-6GHz-Core-i5-3rd-Gen-4GB-RAM-Grade-B/373375576311?epid=1904109404&hash=item56eeeb28f7:g:7x0AAOSwiLVfx6vN
"HP Pavillion dv6, 15.6, Intel Core i5, 4GB Ram, 500 GB HDD",$320.00,C,,https://www.ebay.com/itm/HP-Pavillion-dv6-15-6-Intel-Core-i5-4GB-Ram-500-GB-HDD/114554247072?hash=item1aabf717a0:g:4OsAAOSwK8Nfx-Ew
"Dell Precision 5530 Intel Core i5-8300H @2.30GHz 32GB 512GB 15.6"" Laptop **NO OS",$799.99,US,,https://www.ebay.com/itm/Dell-Precision-5530-Intel-Core-i5-8300H-2-30GHz-32GB-512GB-15-6-Laptop-NO-OS/224261980466?epid=28027853520&hash=item34370e4132:g:wAAAAOSwzDxfyB2l
"NEW ASUS VivoBook Flip 14"" FHD Touch i3-8145U 4GB RAM 128GB SSD Backlit Keyboard",$449.99,US,12,https://www.ebay.com/itm/NEW-ASUS-VivoBook-Flip-14-FHD-Touch-i3-8145U-4GB-RAM-128GB-SSD-Backlit-Keyboard/283990225112?hash=item421f22f0d8:g:4~0AAOSwVV1fRXb4
"Lenovo T560 15"" Laptop 2.4GHz Core i5 6th Gen 4GB RAM (Grade C no battery)",$255.00,US,,https://www.ebay.com/itm/Lenovo-T560-15-Laptop-2-4GHz-Core-i5-6th-Gen-4GB-RAM-Grade-C-no-battery/373376069180?hash=item56eef2ae3c:g:qKoAAOSwYBRfyA2s
"Dell Latitude E5430 with Camera, 14, Intel Core i5, 4GB Ram, 500 GB HDD",$290.00,C,,https://www.ebay.com/itm/Dell-Latitude-E5430-with-Camera-14-Intel-Core-i5-4GB-Ram-500-GB-HDD/114554076494?hash=item1aabf47d4e:g:Rv8AAOSwH9tfx9iX
"HP Laptop Mit Neu SSD 240GB, 4GB Ram, Intel Celeron Braswell 14nm, Windows 10",220.00,EUR,,https://www.ebay.com/itm/HP-Laptop-Mit-Neu-SSD-240GB-4GB-Ram-Intel-Celeron-Braswell-14nm-Windows-10/284101816749?hash=item4225c9b1ad:g:GDMAAOSwWkRfyBcg
"HP Spectre x360 15.6"" 512gb SSD, Intel Core i7-8750H, 8GB RAM, NVIDIA GTX 1050ti","1,150.00",GBP,,https://www.ebay.com/itm/HP-Spectre-x360-15-6-512gb-SSD-Intel-Core-i7-8750H-8GB-RAM-NVIDIA-GTX-1050ti/124452709402?_trkparms=ispr%3D1&hash=item1cf9f5a41a:g:z3MAAOSwS3pfupKk&amdata=enc%3AAQAFAAACYBaobrjLl8XobRIiIML1V4Imu%252Fn%252BzU5L90Z278x5ickkp2NA0WuhQytmt4dbStg00IfrGe%252FiubjQv7k%252FZ%252Blp8LG6GLMjUfHY62Pu5Vd6ywUbGTvMyV2eBFQ9t5MepHvYKJ9CQYcZSZYpI2Gk7bvz%252BbmCry%252Fv8D%252BrRjeJLKN%252FdHpe70KYvozqcgx1rlk5FHjYkQP78qAfT%252B09BrWLOOe652om86NdmWj47iHf22fSPy%252BsBJYWXs3XJ08J6jFcfgAMFxilL663rZI9wetL%252FXl%252FwcwpTyWgz6sciG%252FeknA5824XPEpH8goQW6DIlKYALerqJrBgP3Ua9Ir2THTbcm8ny5DXNIvD%252Bs42k%252Fj7%252BeT7gTU3dC5pK5cn6hjd2%252BmWzU9PSb4OFgFGmlmoZP%252F6STQVnXu74qqHidAYf9edL4MvhdyLVAAuJh7wg2MvSm477FbZcnMacjeTDphcCpi%252Fy4zajBnG07xSHMUq7NGSgL4Wzn9moxxyoUQGX%252FEU0DckFYoWY5KAZcIE%252B05%252FGbJHvfQ%252BYgA7NBZtjlpjPsn4FZhnSXMjuVN7a4CWaQBRtDYTrYnlqwP5ah%252FrkeXYGttOff7DxvgzIqM3T9ozef%252F4PbltQ9a6Ppi%252BBdYZckOcj9V90YU5M5ev73x%252F92fxxG%252F23cp%252Fsv1KYufFKPiEZ3iqREe7DfSbB9WCPb3D3JHAnZMBcDadjeGlcb391y6WMq5SPV0tJFTUq%252BIp%252BMaetEKO9Jczezt%252BurYL99Erbr1cd%252FM5J2kcRpLI%252BW4hQOkBw%252F36UDffy0fbNd74ltrNbMCccOS9YIYH%7Ccksum%3A12445270940232b0973580cb45d0a4206044e21c5822%7Campid%3APL_CLK%7Cclp%3A2334524
"NEW HP Pavilion 15.6"" FHD AMD Ryzen 5 4500 8GB RAM 512GB SSD Win 10 Horizon Blue",$579.99,US,24,https://www.ebay.com/itm/NEW-HP-Pavilion-15-6-FHD-AMD-Ryzen-5-4500-8GB-RAM-512GB-SSD-Win-10-Horizon-Blue/284083188747?epid=24042431051&_trkparms=ispr%3D1&hash=item4224ad740b:g:jvsAAOSwlAdfsqgi&amdata=enc%3AAQAFAAACYBaobrjLl8XobRIiIML1V4Imu%252Fn%252BzU5L90Z278x5ickk7PdDazAlGltMLJlUhrWsD33Q8QGukS3%252Fn4Xn7AJVIlnzqEwaGXi9aYWc%252FJkoZDzBBCGP5TxfryyV81LbMFj%252F%252F1GH8vwWtHAFOUcmpx5mXNjJrClHcocC7G8EKCT1fFGWOEDAEr7xlZiLo03sVqKnJfpiI8s4P41rEOz8XHkAyDDKonBWk272J92qribckPWrRi3vDQ9SQgnY%252FYuESOJ%252FoVt9ylqA6Pprx7NyLUyzC%252B%252Byj6iSSbLuvKyGrRCTBnjaEcit1KqX08gXwvyCwNDuRmTmZRf%252Fqi2TPq5ScjTeMrbQa17efP7kmhajCXH1LttlvybgvU6juRs0tsPJSFPU4keoR1AVU3efvZsx%252B96QAzsyAeKrfvjbtXP%252FC%252BkqJZDjAV2bBwxGAOuknjh8vqVZ4YZBqzjPfx1DS%252FkdDkd6Px%252F%252BrU2vvRxjvdnP1YW583S9YeXzhMM5EkLSrS21a5QhfKXj42pH9IWFMK9Feam2q0CpnWrgBLK5UQCC1fUh%252FGG0Cp1QYhbj9xZm7j0cpBLF1rEClLsWuVr3MiCn%252FfKExhSysVEMYQ5MUt9QqZtAu1rJAiZtKGuY1RjVW2IYk9lVzPjT2qnM4%252Bx34DJo9SKiyE9h3gNnGG%252FThoPi4lNB46kw7sNl08KQPUvRxsVKf2V%252BGGUk%252BMmoO9txmqozYTDHGyKrV6bt3wv0dXnz4KxuYCXRYyMgnaYVrqO6Okp023ikuPlj%252FQ83ns4ZU0zcOzgnrl%252BcpvYsOqbMh7Qol%252BCVawf4%7Ccksum%3A28408318874732b0973580cb45d0a4206044e21c5822%7Campid%3APL_CLK%7Cclp%3A2334524
"Acer E1-521-0694, 15.6, AMD, 6GB Ram, 500 GB HDD",$210.00,C,,https://www.ebay.com/itm/Acer-E1-521-0694-15-6-AMD-6GB-Ram-500-GB-HDD/114554228442?hash=item1aabf6ceda:g:BqsAAOSw~Hpfx93P
"HP Zbook 14 G2 Workstation, i7-5600u 16GB RAM 256GB SSD+500GB HDD  FirePro M4150",$599.99,C,,https://www.ebay.com/itm/HP-Zbook-14-G2-Workstation-i7-5600u-16GB-RAM-256GB-SSD-500GB-HDD-FirePro-M4150/264961711737?hash=item3db0f2de79:g:I90AAOSw2dFfhLN6
"Lenovo T460s 20FA-S08F00 14"" Laptop 2.4GHz i5 6th Gen 4GB RAM (Grade B no caddy)",$240.00,US,1,https://www.ebay.com/itm/Lenovo-T460s-20FA-S08F00-14-Laptop-2-4GHz-i5-6th-Gen-4GB-RAM-Grade-B-no-caddy/373376064718?hash=item56eef29cce:g:47YAAOSwH-RfyAyp
"Lenovo ideapad z580, 15.6, Intel Core i7, 4GB Ram, 500 GB HDD",$310.00,C,,https://www.ebay.com/itm/Lenovo-ideapad-z580-15-6-Intel-Core-i7-4GB-Ram-500-GB-HDD/114554102279?hash=item1aabf4e207:g:mhMAAOSwU55fx8rv
"Sony PCG-81214L, 15.6, Intel Core i5, 4GB Ram, 500 GB HDD",$215.00,C,,https://www.ebay.com/itm/Sony-PCG-81214L-15-6-Intel-Core-i5-4GB-Ram-500-GB-HDD/114554262115?hash=item1aabf75263:g:1S0AAOSwTPRfx-YE
HP Envy x360 13-ag0502sa AMD Ryzen 5 2500U 8GB RAM 256GB SSD 13.3'' Touch,549.00,GBP,,https://www.ebay.com/itm/HP-Envy-x360-13-ag0502sa-AMD-Ryzen-5-2500U-8GB-RAM-256GB-SSD-13-3-Touch/333811659227?hash=item4db8b9b1db:g:w3gAAOSwHbpfx~3X
"Argento Lenovo 330-14AST 14 "" HD Dual Core AMD A6 3GHz 4GB RAM 1TB HDD Laptop",312.16,EUR,,https://www.ebay.com/itm/Argento-Lenovo-330-14AST-14-HD-Dual-Core-AMD-A6-3GHz-4GB-RAM-1TB-HDD-Laptop/303792948350?hash=item46bb78847e:g:aTwAAOSwNjdfx9jE
"PC PORTABLE ASUS PRO 15""- 500Go - 4Go RAM - Win10 64 - DVD - WIFI",350.00,EUR,,https://www.ebay.com/itm/PC-PORTABLE-ASUS-PRO-15-500Go-4Go-RAM-Win10-64-DVD-WIFI/303793247414?hash=item46bb7d14b6:g:MZIAAOSwU55fxCcA
"Microsoft Surface Book 3 15"" (2TB SSD, Intel Core i7 10th Gen., 3.90 GHz, 32GB)","$2,700.00",US,,https://www.ebay.com/itm/Microsoft-Surface-Book-3-15-2TB-SSD-Intel-Core-i7-10th-Gen-3-90-GHz-32GB/124469085401?epid=20038174964&hash=item1cfaef84d9:g:aR0AAOSw0dVfyA-U
